<?xml version="1.0" encoding="UTF-8"?>
<project-private xmlns="http://www.netbeans.org/ns/project-private/1">
    <editor-bookmarks xmlns="http://www.netbeans.org/ns/editor-bookmarks/2" lastBookmarkId="0"/>
    <open-files xmlns="http://www.netbeans.org/ns/projectui-open-files/2">
        <group>
            <file>file:/C:/Users/pame_/OneDrive/Documentos/NetBeansProjects/Java2/Java2_TareaClase3/src/ar/com/eduit/curso/java/tarea/App.java</file>
            <file>file:/C:/Users/pame_/OneDrive/Documentos/NetBeansProjects/Java2/Java2_TareaClase3/src/ar/com/eduit/curso/java/tarea/Auto.java</file>
            <file>file:/C:/Users/pame_/OneDrive/Documentos/NetBeansProjects/Java2/Java2_TareaClase3/src/ar/com/eduit/curso/java/tarea/AutoNuevo.java</file>
            <file>file:/C:/Users/pame_/OneDrive/Documentos/NetBeansProjects/Java2/Java2_TareaClase3/src/ar/com/eduit/curso/java/tarea/Radio.java</file>
            <file>file:/C:/Users/pame_/OneDrive/Documentos/NetBeansProjects/Java2/Java2_TareaClase3/src/ar/com/eduit/curso/java/tarea/AutoClasico.java</file>
        </group>
    </open-files>
</project-private>
